Workbook

Sheet Overview
A1: Cyber Executive Command Center: from tool data to risk domain score
A2: High-level solution for Al Dhabi Holdings (sample data, snapshot 5 Sep 2026). Built from your 12 Domains - Tools sheet.
A4: Scope
B5: Item | C5: Value | D5: Note
B6: Domains | C6: =COUNTA(Categories!$D$2:$D$49)/4 -> 12 | D6: 12 risk domains, matching the 12 domain codes already in the database
B7: Tool categories | C7: =COUNTA(Categories!$E$2:$E$49) -> 48 | D7: One normalized metric per tool category
B8: Example products with sample data | C8: =COUNTA('Products and Samples'!$D$2:$D$128) -> 127 | D8: Each row has a synthetic raw payload and processed numerator/denominator
B9: Enterprise composite (calculated) | C9: ='Domain Risk Calc'!D18 -> 42.83 | D9: Average of the 12 domain scores; matches the stored value 42.83
A11: End-to-end flow
A12: Step | B12: Stage | C12: What happens | D12: Where to see it in this workbook
A13: 1 | B13: Tool / product | C13: 48 tool categories and their example products (Defender, Veeam, Wiz, Entra ID and so on) hold the raw security facts. | D13: Categories; Products and Samples
A14: 2 | B14: Data ingestion | C14: Connectors pull, receive or read the data using one of five patterns and land it unchanged in the raw zone. | D14: Pipeline Layers (A); Products and Samples: integration, pattern, payload
A15: 3 | B15: Data processing | C15: Validate, parse, deduplicate, tag the tenant, resolve entities, enrich, apply the metric definition, run quality gates. | D15: Pipeline Layers (B); Categories: key processing
A16: 4 | B16: Data storage | C16: Raw payloads in object storage, run log, curated control_signals, then gold score tables already in the schema. | D16: Pipeline Layers (C)
A17: 5 | B17: Normalization and correlation | C17: Each tool category becomes one ratio (compliant / in scope) and a gap %. Product feeds in the same category are added together; domains combine four categories. | D17: Normalized Signals
A18: 6 | B18: Domain risk calculation | C18: Domain score = sum of weight x gap for its four categories. Severity bands: low under 35, medium 35-54, high 55-69, critical 70 and above. | D18: Domain Risk Calc
A19: 7 | B19: Command Center | C19: Enterprise score is the average of 12 domains. The top 3 domains become findings, then business impact and executive decisions. | D19: Domain Risk Calc: rank, escalation, headline
A21: Design principles
B22: One signal contract: every tool, whatever its format, ends up as numerator, denominator and quality flag.
B23: Traceability: a score can be followed back to its metric, product and original raw payload.
B24: No silent scoring: stale or partial feeds are flagged, not counted as good.
B25: Tenant isolation: every curated and gold row carries org_id and is protected by Row-Level Security.
B26: Weights are policy: the vCISO approves them, and changes are logged.
A28: Assumptions and caveats
B29: All data is synthetic. Al Dhabi's domain scores equal the stored sample-database values (for example VAPT 76, SOC 72, Ransomware 54).
B30: Weights and the gap-by-category split are proposed defaults, calibrated so the four categories of each domain reproduce the stored score. They replace the six-control illustration shown earlier for Ransomware Readiness; recovery testing is still the largest driver.
B31: Integration paths are typical patterns, not a build specification. Vendor APIs and field names change; confirm each against current vendor documentation. Payload field names are illustrative, not vendor-exact.
B32: Several 'tools' in your sheet are generic (GRC platforms, TPRM platforms, CTI platforms, SIEM dashboards, compliance automation tools) and are treated as generic sources.
B33: control_signals, ingestion_runs and the raw object store are proposed additions. The 15-table schema already holds the gold tables.
B34: Severity bands are inferred from the sample database (min and max score per severity).
A36: Sheet guide
B37: Pipeline Layers | C37: Ingestion patterns, processing steps and storage zones.
B38: Categories | C38: 48 tool categories with metric, ingestion pattern, frequency and processing.
B39: Products and Samples | C39: Every example product: integration, sample raw payload, processed numerator and denominator.
B40: Normalized Signals | C40: Category metrics, gap % and risk points (formulas).
B41: Domain Risk Calc | C41: Domain scores, severity, ranking, drivers and enterprise composite (formulas).

Sheet Pipeline Layers
A1: Pipeline layers: ingestion, processing, storage
A3: A. Ingestion patterns
A4: Pattern | B4: How it works | C4: Typical tools in this workbook | D4: Controls | E4: Categories using it
A5: API pull (scheduled) | B5: A connector calls the vendor API on a schedule, authenticates with a vaulted secret, pages through results and keeps a cursor (updated-since) so each run is incremental. | C5: Defender, CrowdStrike, Tenable, Veeam, Wiz, Entra ID, ServiceNow GRC | D5: Secrets in a vault; retry with backoff; rate-limit aware; run recorded in ingestion_runs | E5: =COUNTIF(Categories!$J$2:$J$49,A5) -> 39
A6: Streaming / event push | B6: The source pushes events to a webhook, event hub or collector as they happen. | C6: Netskope streams, CrowdStrike Streaming API, Splunk HEC | D6: Signed payloads; replay buffer; at-least-once delivery with dedupe downstream | E6: =COUNTIF(Categories!$J$2:$J$49,A6) -> 1
A7: Log forwarding (syslog/agent) | B7: Agents or forwarders ship syslog/CEF or file logs to a collector, which batches them to the raw zone. | C7: DLP and firewall logs (Forcepoint, Fortinet, Palo Alto, Cisco), Netskope | D7: TLS in transit; collector health alerts; clock-skew checks | E7: =COUNTIF(Categories!$J$2:$J$49,A7) -> 1
A8: Report / file drop | B8: A report or export file is dropped to SFTP or object storage and picked up on arrival. | C8: DMARC aggregate XML, Nmap XML, Burp reports | D8: Checksum on arrival; schema validation; quarantine of malformed files | E8: =COUNTIF(Categories!$J$2:$J$49,A8) -> 2
A9: Query-in-place (KQL/SPL/SQL) | B9: The pipeline runs a saved query inside a platform that already holds the data and stores only the result. | C9: Sentinel (KQL), Splunk (SPL), Power BI datasets | D9: Query versioned in Git; result row count compared with expectation | E9: =COUNTIF(Categories!$J$2:$J$49,A9) -> 5
A11: B. Processing steps (raw payload to normalized metric)
A12: Step | B12: What it does | C12: Example (Veeam immutable backup, Al Dhabi) | D12: Failure handling | E12: Output
A13: 1. Validate envelope | B13: Check authentication result, schema version and required fields; stamp run ID and received time. | C13: Reject a payload with no job list; log run as failed in ingestion_runs. | D13: Quarantine and alert; never score from a rejected payload | E13: Accepted raw payload
A14: 2. Parse and flatten | B14: Convert JSON/XML/CSV/CEF into rows with typed columns. | C14: Backup jobs array becomes one row per protected system. | D14: Unparseable rows counted and reported | E14: Flat records
A15: 3. Deduplicate | B15: Build a key (tool + tenant + entity + period) and keep the latest record so re-runs do not double count. | C15: Two runs on the same day keep the later job result. | D15: Idempotent upsert | E15: Unique records
A16: 4. Tag tenant and resolve entities | B16: Set org_id; map vendor IDs to the asset, identity, vendor or application in the CMDB / register. | C16: Veeam object 'SQL-PAY-01' maps to CMDB critical system 'Payments DB'. | D16: Unmapped entities listed as 'unknown' and counted in quality flag | E16: Entity-resolved records
A17: 5. Enrich | B17: Add business context: criticality, business unit, regulatory scope, threat intelligence. | C17: Payments DB is tier 1 and in PCI scope. | D17: Missing enrichment defaults to the stricter tier | E17: Enriched records
A18: 6. Apply metric definition | B18: Count what is compliant (numerator) and what is in scope (denominator) per the metric on 'Categories'. | C18: Numerator = critical systems with an immutable copy and a recent successful job. | D18: Out-of-scope entities excluded and logged | E18: Numerator and denominator
A19: 7. Quality gates | B19: Check freshness, completeness and volume against the tool's normal range; set quality_flag. | C19: Feed older than 36 hours is marked stale and shown as such on the dashboard. | D19: Stale or partial data is flagged, never silently scored as good | E19: Quality-flagged signal
A20: 8. Aggregate to category metric | B20: Add product-level numerators and denominators into one metric per tool category. | C20: Veeam + Rubrik + Cohesity numerators and denominators are summed. | D20: Missing product shown as partial coverage | E20: One row in control_signals
A22: C. Storage zones
A23: Zone | B23: What is stored | C23: Structure | D23: Schema status | E23: Retention / access
A24: Raw (bronze) | B24: Unaltered vendor payloads exactly as received, for audit and replay. | C24: Object storage path raw/<domain>/<category>/<product>/dt=YYYY-MM-DD/; immutable; one file per run. | D24: Proposed addition (object store) | E24: Locked against edits; access limited to the platform; retention set by policy
A25: Operational log | B25: One row per ingestion run: source, status, rows read, rows rejected, error text. | C25: Table ingestion_runs (run_id, org_id, product, started_at, status, rows_in, rows_rejected, raw_ref). | D25: Proposed addition (new table) | E25: Tenant isolated with Row-Level Security
A26: Curated (silver) | B26: Normalized signals: one row per metric per org per period, linked back to the raw file. | C26: Table control_signals (signal_id, org_id, risk_domain_id, metric_id, tool_category, observed_at, numerator, denominator, quality_flag, raw_ref, run_id). | D26: Proposed addition (new table) | E26: Row-Level Security on org_id; queried only by the scoring job
A27: Gold: scores | B27: Domain risk score per org per month and the enterprise composite. | C27: domain_risk_snapshots (score, severity, headline_detail); enterprise_risk_score_snapshots. | D27: Existing tables (15-table schema) | E27: Read by the Command Center dashboard
A28: Gold: decisions | B28: Top-3 domains escalated to findings, business impact and executive decisions. | C28: risk_findings, business_impact_assessments, executive_decisions, decision_action_log, command_center_activity. | D28: Existing tables (15-table schema) | E28: Row-Level Security; changes recorded in audit_log

Sheet Categories
A1: Metric ID | B1: # | C1: Domain | D1: Domain code | E1: Tool category | F1: Example tools / products (from your sheet) | G1: Normalized metric | H1: Numerator | I1: Denominator | J1: Ingestion pattern | K1: Frequency | L1: Key processing | M1: Raw landing path (object store) | N1: Resilience stage
A2: M01-1 | B2: 1 | C2: AI Security & GenAI Governance | D2: ai_governance | E2: AI Security / AI-SPM | F2: Examples: Microsoft Purview, Lakera, Protect AI | G2: AI apps and models risk-assessed | H2: AI apps/models with completed risk assessment | I2: AI apps/models discovered (incl. shadow AI) | J2: API pull (scheduled) | K2: Daily | L2: Join discovery feed to the AI register on app/model ID; flag unregistered apps as shadow AI | M2: raw/ai_governance/ai_security_ai_spm/<product>/dt=YYYY-MM-DD/ | N2: Prevent / Detect
A3: M01-2 | B3: 1 | C3: AI Security & GenAI Governance | D3: ai_governance | E3: DLP / Data Controls | F3: Examples: Microsoft Purview DLP, Netskope | G3: Sensitive AI prompt/upload events blocked or redacted | H3: Events blocked or redacted | I3: Sensitive events detected | J3: Streaming / event push | K3: Near real-time | L3: Parse DLP events; keep sensitive-info-type matches only; drop test traffic; count per day | M3: raw/ai_governance/dlp_data_controls/<product>/dt=YYYY-MM-DD/ | N3: Prevent / Detect
A4: M01-3 | B4: 1 | C4: AI Security & GenAI Governance | D4: ai_governance | E4: LLM Security | F4: Examples: Lakera, Palo Alto Prisma AIRS | G4: LLM apps behind runtime guardrails | H4: LLM apps with guardrails enforced | I4: LLM apps in production | J4: API pull (scheduled) | K4: Daily | L4: Match guardrail inventory to production LLM app list; exclude dev/test apps | M4: raw/ai_governance/llm_security/<product>/dt=YYYY-MM-DD/ | N4: Prevent / Detect
A5: M01-4 | B5: 1 | C5: AI Security & GenAI Governance | D5: ai_governance | E5: AI Governance | F5: Examples: Microsoft Purview, GRC platforms | G5: AI use cases with approved policy and named owner | H5: Use cases with approved policy and owner | I5: AI use cases registered | J5: API pull (scheduled) | K5: Weekly | L5: Read AI register; test owner, approval status and review date; flag overdue reviews | M5: raw/ai_governance/ai_governance/<product>/dt=YYYY-MM-DD/ | N5: Prevent / Detect
A6: M02-1 | B6: 2 | C6: Phishing / BEC Defense | D6: phishing_bec | E6: Secure Email Gateway | F6: Examples: Microsoft Defender for Office 365, Proofpoint, Mimecast | G6: Malicious emails blocked before delivery | H6: Blocked before delivery | I6: Malicious emails identified (pre- and post-delivery) | J6: API pull (scheduled) | K6: Hourly | L6: Filter verdicts to phish/BEC/malware; count pre-delivery blocks vs post-delivery remediation | M6: raw/phishing_bec/secure_email_gateway/<product>/dt=YYYY-MM-DD/ | N6: Prevent / Detect
A7: M02-2 | B7: 2 | C7: Phishing / BEC Defense | D7: phishing_bec | E7: Email Authentication | F7: SPF, DKIM, DMARC | G7: Owned domains enforcing DMARC quarantine/reject | H7: Domains with p=quarantine or p=reject | I7: Owned sending domains | J7: Report / file drop | K7: Daily | L7: Parse DMARC aggregate (RUA) XML; read published policy per domain; compare with owned-domain list | M7: raw/phishing_bec/email_authentication/<product>/dt=YYYY-MM-DD/ | N7: Prevent / Detect
A8: M02-3 | B8: 2 | C8: Phishing / BEC Defense | D8: phishing_bec | E8: Sandboxing / URL Protection | F8: Examples: Defender Safe Links/Safe Attachments, Proofpoint | G8: Malicious URL clicks blocked at click time | H8: Clicks blocked | I8: Clicks on URLs later judged malicious | J8: API pull (scheduled) | K8: Hourly | L8: Join click events to URL verdicts; count blocked vs allowed clicks | M8: raw/phishing_bec/sandboxing_url_protection/<product>/dt=YYYY-MM-DD/ | N8: Prevent / Detect
A9: M02-4 | B9: 2 | C9: Phishing / BEC Defense | D9: phishing_bec | E9: Phishing Simulation | F9: Examples: Microsoft Attack Simulation Training, KnowBe4 | G9: Targeted users who did not click simulated phish | H9: Users who did not click | I9: Users targeted | J9: API pull (scheduled) | K9: Monthly | L9: Pull campaign results; de-duplicate users across campaigns; use the latest campaign per user | M9: raw/phishing_bec/phishing_simulation/<product>/dt=YYYY-MM-DD/ | N9: Prevent / Detect
A10: M03-1 | B10: 3 | C10: OT / ICS Security | D10: ot_ics | E10: OT Asset Discovery | F10: Examples: Claroty, Nozomi Networks, Armis | G10: OT assets inventoried and classified | H10: Assets classified (type, vendor, zone) | I10: OT assets observed on the network | J10: API pull (scheduled) | K10: Daily | L10: Merge passive-discovery assets; resolve duplicates by MAC/serial; map to Purdue level and site | M10: raw/ot_ics/ot_asset_discovery/<product>/dt=YYYY-MM-DD/ | N10: Protect / Detect / Respond
A11: M03-2 | B11: 3 | C11: OT / ICS Security | D11: ot_ics | E11: OT Network Monitoring | F11: Examples: Nozomi, Dragos, Claroty | G11: OT sites with passive monitoring sensors | H11: Sites with a healthy sensor | I11: OT sites in scope | J11: API pull (scheduled) | K11: Daily | L11: Read sensor health; a site counts only if the sensor reported within 24 hours | M11: raw/ot_ics/ot_network_monitoring/<product>/dt=YYYY-MM-DD/ | N11: Protect / Detect / Respond
A12: M03-3 | B12: 3 | C12: OT / ICS Security | D12: ot_ics | E12: Industrial Firewall / Segmentation | F12: Examples: Fortinet, Palo Alto Networks, Cisco | G12: IT/OT conduits with enforced allow-list rules | H12: Conduits with allow-list and no any-any rule | I12: IT/OT conduits defined | J12: API pull (scheduled) | K12: Weekly | L12: Export firewall policy; test each conduit for default-deny and any-any rules | M12: raw/ot_ics/industrial_firewall_segmentation/<product>/dt=YYYY-MM-DD/ | N12: Protect / Detect / Respond
A13: M03-4 | B13: 3 | C13: OT / ICS Security | D13: ot_ics | E13: OT SOC / SIEM | F13: Examples: Microsoft Sentinel, Splunk, QRadar | G13: OT alerts triaged within SLA | H13: Alerts triaged within SLA | I13: OT alerts raised | J13: Query-in-place (KQL/SPL/SQL) | K13: Daily | L13: Correlate OT alerts with enterprise events; compute time-to-triage against severity SLA | M13: raw/ot_ics/ot_soc_siem/<product>/dt=YYYY-MM-DD/ | N13: Protect / Detect / Respond
... A49: M12-4 | B49: 12 | C49: Continuous Compliance | D49: compliance_engine | E49: Audit / Evidence Management | F49: Examples: GRC platforms, compliance automation tools | G49: Controls with current evidence collected | H49: Controls with evidence in date | I49: Controls requiring evidence | J49: API pull (scheduled) | K49: Weekly | L49: Match evidence items to controls; test evidence date against the period | M49: raw/compliance_engine/audit_evidence_management/<product>/dt=YYYY-MM-DD/ | N49: Govern / Improve

Sheet Products and Samples
A1: Metric ID | B1: Domain | C1: Tool category | D1: Product / protocol | E1: Typical integration (confirm against vendor docs) | F1: Format | G1: Ingestion pattern | H1: Sample raw payload (synthetic; field names illustrative) | I1: Numerator (after processing) | J1: Denominator (after processing)
A2: M01-1 | B2: AI Security & GenAI Governance | C2: AI Security / AI-SPM | D2: Microsoft Purview | E2: Microsoft Graph and Office 365 Management Activity API; compliance portal export | F2: JSON | G2: API pull (scheduled) | H2: {"source": "Microsoft Purview", "tenant": "Al Dhabi Holdings", "collected_at": "2026-09-05T02:00:00Z", "assessed_models": 9, "discovered_models": 13, "sample_record": {"ai_asset": "Copilot-Finance-Assistant", "type": "LLM app", "risk_assessed": true, "risk_rating": "Medium"}} | I2: 9 | J2: 13
A3: M01-1 | B3: AI Security & GenAI Governance | C3: AI Security / AI-SPM | D3: Lakera | E3: Lakera Guard REST API; log/webhook export | F3: JSON | G3: API pull (scheduled) | H3: {"source": "Lakera", "tenant": "Al Dhabi Holdings", "collected_at": "2026-09-05T02:00:00Z", "assessed_models": 8, "discovered_models": 11, "sample_record": {"ai_asset": "Copilot-Finance-Assistant", "type": "LLM app", "risk_assessed": true, "risk_rating": "Medium"}} | I3: 8 | J3: 11
A4: M01-1 | B4: AI Security & GenAI Governance | C4: AI Security / AI-SPM | D4: Protect AI | E4: Platform REST API / SDK export | F4: JSON | G4: API pull (scheduled) | H4: {"source": "Protect AI", "tenant": "Al Dhabi Holdings", "collected_at": "2026-09-05T02:00:00Z", "assessed_models": 11, "discovered_models": 16, "sample_record": {"ai_asset": "Copilot-Finance-Assistant", "type": "LLM app", "risk_assessed": true, "risk_rating": "Medium"}} | I4: 11 | J4: 16
A5: M01-2 | B5: AI Security & GenAI Governance | C5: DLP / Data Controls | D5: Microsoft Purview DLP | E5: Office 365 Management Activity API (DLP events); Purview export | F5: JSON | G5: Streaming / event push | H5: {"source": "Microsoft Purview DLP", "tenant": "Al Dhabi Holdings", "collected_at": "2026-09-05T02:00:00Z", "blocked_or_redacted_events": 132, "sensitive_events_detected": 245, "sample_record": {"policy": "Block-PII-in-GenAI", "user": "user417@aldhabi.example", "app": "chat.example-ai.com", "action": "blocked"}} | I5: 132 | J5: 245
A6: M01-2 | B6: AI Security & GenAI Governance | C6: DLP / Data Controls | D6: Netskope | E6: Netskope REST API v2 and log streaming | F6: JSON | G6: Streaming / event push | H6: {"source": "Netskope", "tenant": "Al Dhabi Holdings", "collected_at": "2026-09-05T02:00:00Z", "blocked_or_redacted_events": 138, "sensitive_events_detected": 255, "sample_record": {"policy": "Block-PII-in-GenAI", "user": "user417@aldhabi.example", "app": "chat.example-ai.com", "action": "blocked"}} | I6: 138 | J6: 255
A7: M01-3 | B7: AI Security & GenAI Governance | C7: LLM Security | D7: Lakera | E7: Lakera Guard REST API; log/webhook export | F7: JSON | G7: API pull (scheduled) | H7: {"source": "Lakera", "tenant": "Al Dhabi Holdings", "collected_at": "2026-09-05T02:00:00Z", "guarded_apps": 12, "production_llm_apps": 19, "sample_record": {"app": "customer-support-bot", "guardrail": "enforced", "prompt_injection_blocked_30d": 14}} | I7: 12 | J7: 19
A8: M01-3 | B8: AI Security & GenAI Governance | C8: LLM Security | D8: Palo Alto Prisma AIRS | E8: Vendor REST API / log forwarding | F8: JSON | G8: API pull (scheduled) | H8: {"source": "Palo Alto Prisma AIRS", "tenant": "Al Dhabi Holdings", "collected_at": "2026-09-05T02:00:00Z", "guarded_apps": 14, "production_llm_apps": 21, "sample_record": {"app": "customer-support-bot", "guardrail": "enforced", "prompt_injection_blocked_30d": 14}} | I8: 14 | J8: 21
A9: M01-4 | B9: AI Security & GenAI Governance | C9: AI Governance | D9: Microsoft Purview | E9: Microsoft Graph and Office 365 Management Activity API; compliance portal export | F9: JSON | G9: API pull (scheduled) | H9: {"source": "Microsoft Purview", "tenant": "Al Dhabi Holdings", "collected_at": "2026-09-05T02:00:00Z", "governed_use_cases": 8, "registered_use_cases": 28, "sample_record": {"use_case": "Invoice summarization", "owner": "CFO Office", "policy_approved": false, "review_due": "2026-10-15"}} | I9: 8 | J9: 28
A10: M01-4 | B10: AI Security & GenAI Governance | C10: AI Governance | D10: GRC platforms | E10: GRC platform REST API or scheduled export | F10: JSON | G10: API pull (scheduled) | H10: {"source": "GRC platforms", "tenant": "Al Dhabi Holdings", "collected_at": "2026-09-05T02:00:00Z", "governed_use_cases": 10, "registered_use_cases": 32, "sample_record": {"use_case": "Invoice summarization", "owner": "CFO Office", "policy_approved": false, "review_due": "2026-10-15"}} | I10: 10 | J10: 32
A11: M02-1 | B11: Phishing / BEC Defense | C11: Secure Email Gateway | D11: Microsoft Defender for Office 365 | E11: Microsoft Graph Security API; Defender XDR Advanced Hunting API | F11: JSON | G11: API pull (scheduled) | H11: {"source": "Microsoft Defender for Office 365", "tenant": "Al Dhabi Holdings", "collected_at": "2026-09-05T02:00:00Z", "blocked_pre_delivery": 575, "malicious_total": 767, "sample_record": {"message_id": "<a1f3@mail.example>", "verdict": "phish", "action": "quarantined_pre_delivery", "sender_domain": "invoice-update.example"}} | I11: 575 | J11: 767
A12: M02-1 | B12: Phishing / BEC Defense | C12: Secure Email Gateway | D12: Proofpoint | E12: Proofpoint TAP SIEM API | F12: JSON | G12: API pull (scheduled) | H12: {"source": "Proofpoint", "tenant": "Al Dhabi Holdings", "collected_at": "2026-09-05T02:00:00Z", "blocked_pre_delivery": 418, "malicious_total": 557, "sample_record": {"message_id": "<a1f3@mail.example>", "verdict": "phish", "action": "quarantined_pre_delivery", "sender_domain": "invoice-update.example"}} | I12: 418 | J12: 557
A13: M02-1 | B13: Phishing / BEC Defense | C13: Secure Email Gateway | D13: Mimecast | E13: Mimecast API (security events) | F13: JSON | G13: API pull (scheduled) | H13: {"source": "Mimecast", "tenant": "Al Dhabi Holdings", "collected_at": "2026-09-05T02:00:00Z", "blocked_pre_delivery": 507, "malicious_total": 676, "sample_record": {"message_id": "<a1f3@mail.example>", "verdict": "phish", "action": "quarantined_pre_delivery", "sender_domain": "invoice-update.example"}} | I13: 507 | J13: 676
... A128: M12-4 | B128: Continuous Compliance | C128: Audit / Evidence Management | D128: compliance automation tools | E128: Platform REST API or scheduled export | F128: JSON | G128: API pull (scheduled) | H128: {"source": "compliance automation tools", "tenant": "Al Dhabi Holdings", "collected_at": "2026-09-05T02:00:00Z", "controls_with_evidence": 240, "controls_requiring_evidence": 279, "sample_record": {"control": "AC-12", "evidence": "access-review-Q3.pdf", "collected": "2026-08-30"}} | I128: 240 | J128: 279

Sheet Normalized Signals
A1: Normalized signals: one metric per tool category
A2: Numerator and denominator sum the product rows on 'Products and Samples'. Gap % = 1 - numerator/denominator. Risk points = weight x gap. Weights (blue) are policy inputs per domain and total 100.
A4: Metric ID | B4: Domain | C4: Domain code | D4: Tool category | E4: Normalized metric | F4: Numerator | G4: Denominator | H4: Compliance % | I4: Gap % | J4: Weight | K4: Risk points
A5: M01-1 | B5: AI Security & GenAI Governance | C5: ai_governance | D5: AI Security / AI-SPM | E5: AI apps and models risk-assessed | F5: =SUMIFS('Products and Samples'!$I$2:$I$128,'Products and Samples'!$A$2:$A$128,$A5) -> 28 | G5: =SUMIFS('Products and Samples'!$J$2:$J$128,'Products and Samples'!$A$2:$A$128,$A5) -> 40 | H5: =IF(G5=0,0,F5/G5) -> 0.7 | I5: =1-H5 -> 0.3 | J5: 25 | K5: =J5*I5 -> 7.5
A6: M01-2 | B6: AI Security & GenAI Governance | C6: ai_governance | D6: DLP / Data Controls | E6: Sensitive AI prompt/upload events blocked or redacted | F6: =SUMIFS('Products and Samples'!$I$2:$I$128,'Products and Samples'!$A$2:$A$128,$A6) -> 270 | G6: =SUMIFS('Products and Samples'!$J$2:$J$128,'Products and Samples'!$A$2:$A$128,$A6) -> 500 | H6: =IF(G6=0,0,F6/G6) -> 0.54 | I6: =1-H6 -> 0.46 | J6: 25 | K6: =J6*I6 -> 11.5
A7: M01-3 | B7: AI Security & GenAI Governance | C7: ai_governance | D7: LLM Security | E7: LLM apps behind runtime guardrails | F7: =SUMIFS('Products and Samples'!$I$2:$I$128,'Products and Samples'!$A$2:$A$128,$A7) -> 26 | G7: =SUMIFS('Products and Samples'!$J$2:$J$128,'Products and Samples'!$A$2:$A$128,$A7) -> 40 | H7: =IF(G7=0,0,F7/G7) -> 0.65 | I7: =1-H7 -> 0.35 | J7: 20 | K7: =J7*I7 -> 7
A8: M01-4 | B8: AI Security & GenAI Governance | C8: ai_governance | D8: AI Governance | E8: AI use cases with approved policy and named owner | F8: =SUMIFS('Products and Samples'!$I$2:$I$128,'Products and Samples'!$A$2:$A$128,$A8) -> 18 | G8: =SUMIFS('Products and Samples'!$J$2:$J$128,'Products and Samples'!$A$2:$A$128,$A8) -> 60 | H8: =IF(G8=0,0,F8/G8) -> 0.3 | I8: =1-H8 -> 0.7 | J8: 30 | K8: =J8*I8 -> 21
A9: M02-1 | B9: Phishing / BEC Defense | C9: phishing_bec | D9: Secure Email Gateway | E9: Malicious emails blocked before delivery | F9: =SUMIFS('Products and Samples'!$I$2:$I$128,'Products and Samples'!$A$2:$A$128,$A9) -> 1500 | G9: =SUMIFS('Products and Samples'!$J$2:$J$128,'Products and Samples'!$A$2:$A$128,$A9) -> 2000 | H9: =IF(G9=0,0,F9/G9) -> 0.75 | I9: =1-H9 -> 0.25 | J9: 30 | K9: =J9*I9 -> 7.5
A10: M02-2 | B10: Phishing / BEC Defense | C10: phishing_bec | D10: Email Authentication | E10: Owned domains enforcing DMARC quarantine/reject | F10: =SUMIFS('Products and Samples'!$I$2:$I$128,'Products and Samples'!$A$2:$A$128,$A10) -> 21 | G10: =SUMIFS('Products and Samples'!$J$2:$J$128,'Products and Samples'!$A$2:$A$128,$A10) -> 30 | H10: =IF(G10=0,0,F10/G10) -> 0.7 | I10: =1-H10 -> 0.3 | J10: 20 | K10: =J10*I10 -> 6
A11: M02-3 | B11: Phishing / BEC Defense | C11: phishing_bec | D11: Sandboxing / URL Protection | E11: Malicious URL clicks blocked at click time | F11: =SUMIFS('Products and Samples'!$I$2:$I$128,'Products and Samples'!$A$2:$A$128,$A11) -> 285 | G11: =SUMIFS('Products and Samples'!$J$2:$J$128,'Products and Samples'!$A$2:$A$128,$A11) -> 375 | H11: =IF(G11=0,0,F11/G11) -> 0.76 | I11: =1-H11 -> 0.24 | J11: 25 | K11: =J11*I11 -> 6
A12: M02-4 | B12: Phishing / BEC Defense | C12: phishing_bec | D12: Phishing Simulation | E12: Targeted users who did not click simulated phish | F12: =SUMIFS('Products and Samples'!$I$2:$I$128,'Products and Samples'!$A$2:$A$128,$A12) -> 124 | G12: =SUMIFS('Products and Samples'!$J$2:$J$128,'Products and Samples'!$A$2:$A$128,$A12) -> 200 | H12: =IF(G12=0,0,F12/G12) -> 0.62 | I12: =1-H12 -> 0.38 | J12: 25 | K12: =J12*I12 -> 9.5
A13: M03-1 | B13: OT / ICS Security | C13: ot_ics | D13: OT Asset Discovery | E13: OT assets inventoried and classified | F13: =SUMIFS('Products and Samples'!$I$2:$I$128,'Products and Samples'!$A$2:$A$128,$A13) -> 308 | G13: =SUMIFS('Products and Samples'!$J$2:$J$128,'Products and Samples'!$A$2:$A$128,$A13) -> 350 | H13: =IF(G13=0,0,F13/G13) -> 0.88 | I13: =1-H13 -> 0.12 | J13: 25 | K13: =J13*I13 -> 3
A14: M03-2 | B14: OT / ICS Security | C14: ot_ics | D14: OT Network Monitoring | E14: OT sites with passive monitoring sensors | F14: =SUMIFS('Products and Samples'!$I$2:$I$128,'Products and Samples'!$A$2:$A$128,$A14) -> 36 | G14: =SUMIFS('Products and Samples'!$J$2:$J$128,'Products and Samples'!$A$2:$A$128,$A14) -> 40 | H14: =IF(G14=0,0,F14/G14) -> 0.9 | I14: =1-H14 -> 0.1 | J14: 25 | K14: =J14*I14 -> 2.5
A15: M03-3 | B15: OT / ICS Security | C15: ot_ics | D15: Industrial Firewall / Segmentation | E15: IT/OT conduits with enforced allow-list rules | F15: =SUMIFS('Products and Samples'!$I$2:$I$128,'Products and Samples'!$A$2:$A$128,$A15) -> 24 | G15: =SUMIFS('Products and Samples'!$J$2:$J$128,'Products and Samples'!$A$2:$A$128,$A15) -> 32 | H15: =IF(G15=0,0,F15/G15) -> 0.75 | I15: =1-H15 -> 0.25 | J15: 30 | K15: =J15*I15 -> 7.5
A16: M03-4 | B16: OT / ICS Security | C16: ot_ics | D16: OT SOC / SIEM | E16: OT alerts triaged within SLA | F16: =SUMIFS('Products and Samples'!$I$2:$I$128,'Products and Samples'!$A$2:$A$128,$A16) -> 172 | G16: =SUMIFS('Products and Samples'!$J$2:$J$128,'Products and Samples'!$A$2:$A$128,$A16) -> 215 | H16: =IF(G16=0,0,F16/G16) -> 0.8 | I16: =1-H16 -> 0.2 | J16: 20 | K16: =J16*I16 -> 4
... A52: M12-4 | B52: Continuous Compliance | C52: compliance_engine | D52: Audit / Evidence Management | E52: Controls with current evidence collected | F52: =SUMIFS('Products and Samples'!$I$2:$I$128,'Products and Samples'!$A$2:$A$128,$A52) -> 387 | G52: =SUMIFS('Products and Samples'!$J$2:$J$128,'Products and Samples'!$A$2:$A$128,$A52) -> 450 | H52: =IF(G52=0,0,F52/G52) -> 0.86 | I52: =1-H52 -> 0.14 | J52: 25 | K52: =J52*I52 -> 3.5

Sheet Domain Risk Calc
A1: Domain risk calculation and enterprise composite: Al Dhabi Holdings, snapshot 5 Sep 2026
A2: Score = sum of risk points for the domain's four tool categories (0-100, higher = more risk). Stored score is the value in domain_risk_snapshots.
A5: # | B5: Domain | C5: Domain code | D5: Calculated score | E5: Stored score (DB) | F5: Check | G5: Severity | H5: Rank (1 = highest risk) | I5: Escalation candidate | J5: Largest driver (tool category) | K5: Driver gap | L5: Headline (auto-generated)
A6: 1 | B6: AI Security & GenAI Governance | C6: ai_governance | D6: =ROUND(SUMIFS('Normalized Signals'!$K$5:$K$52,'Normalized Signals'!$C$5:$C$52,C6),2) -> 47 | E6: 47 | F6: =IF(ABS(D6-E6)<0.005,"OK","MISMATCH") -> OK | G6: =IF(D6>=$B$23,"critical",IF(D6>=$B$22,"high",IF(D6>=$B$21,"medium","low"))) -> medium | H6: =RANK(D6,$D$6:$D$17,0) -> 6 | I6: =IF(H6<=3,"Yes (top 3)","No") -> No | J6: =INDEX('Normalized Signals'!$D$5:$D$8,MATCH(MAX('Normalized Signals'!$I$5:$I$8),'Normalized Signals'!$I$5:$I$8,0)) -> AI Governance | K6: =INDEX('Normalized Signals'!$I$5:$I$8,MATCH(MAX('Normalized Signals'!$I$5:$I$8),'Normalized Signals'!$I$5:$I$8,0)) -> 0.7 | L6: =INDEX('Normalized Signals'!$E$5:$E$8,MATCH(MAX('Normalized Signals'!$I$5:$I$8),'Normalized Signals'!$I$5:$I$8,0))&": "&TEXT(K6,"0%")&" gap" -> AI use cases with approved policy and named owner: 70% gap
A7: 2 | B7: Phishing / BEC Defense | C7: phishing_bec | D7: =ROUND(SUMIFS('Normalized Signals'!$K$5:$K$52,'Normalized Signals'!$C$5:$C$52,C7),2) -> 29 | E7: 29 | F7: =IF(ABS(D7-E7)<0.005,"OK","MISMATCH") -> OK | G7: =IF(D7>=$B$23,"critical",IF(D7>=$B$22,"high",IF(D7>=$B$21,"medium","low"))) -> low | H7: =RANK(D7,$D$6:$D$17,0) -> 8 | I7: =IF(H7<=3,"Yes (top 3)","No") -> No | J7: =INDEX('Normalized Signals'!$D$9:$D$12,MATCH(MAX('Normalized Signals'!$I$9:$I$12),'Normalized Signals'!$I$9:$I$12,0)) -> Phishing Simulation | K7: =INDEX('Normalized Signals'!$I$9:$I$12,MATCH(MAX('Normalized Signals'!$I$9:$I$12),'Normalized Signals'!$I$9:$I$12,0)) -> 0.38 | L7: =INDEX('Normalized Signals'!$E$9:$E$12,MATCH(MAX('Normalized Signals'!$I$9:$I$12),'Normalized Signals'!$I$9:$I$12,0))&": "&TEXT(K7,"0%")&" gap" -> Targeted users who did not click simulated phish: 38% gap
A8: 3 | B8: OT / ICS Security | C8: ot_ics | D8: =ROUND(SUMIFS('Normalized Signals'!$K$5:$K$52,'Normalized Signals'!$C$5:$C$52,C8),2) -> 17 | E8: 17 | F8: =IF(ABS(D8-E8)<0.005,"OK","MISMATCH") -> OK | G8: =IF(D8>=$B$23,"critical",IF(D8>=$B$22,"high",IF(D8>=$B$21,"medium","low"))) -> low | H8: =RANK(D8,$D$6:$D$17,0) -> 12 | I8: =IF(H8<=3,"Yes (top 3)","No") -> No | J8: =INDEX('Normalized Signals'!$D$13:$D$16,MATCH(MAX('Normalized Signals'!$I$13:$I$16),'Normalized Signals'!$I$13:$I$16,0)) -> Industrial Firewall / Segmentation | K8: =INDEX('Normalized Signals'!$I$13:$I$16,MATCH(MAX('Normalized Signals'!$I$13:$I$16),'Normalized Signals'!$I$13:$I$16,0)) -> 0.25 | L8: =INDEX('Normalized Signals'!$E$13:$E$16,MATCH(MAX('Normalized Signals'!$I$13:$I$16),'Normalized Signals'!$I$13:$I$16,0))&": "&TEXT(K8,"0%")&" gap" -> IT/OT conduits with enforced allow-list rules: 25% gap
A9: 4 | B9: Third-Party / Supply Chain Risk | C9: third_party_risk | D9: =ROUND(SUMIFS('Normalized Signals'!$K$5:$K$52,'Normalized Signals'!$C$5:$C$52,C9),2) -> 65 | E9: 65 | F9: =IF(ABS(D9-E9)<0.005,"OK","MISMATCH") -> OK | G9: =IF(D9>=$B$23,"critical",IF(D9>=$B$22,"high",IF(D9>=$B$21,"medium","low"))) -> high | H9: =RANK(D9,$D$6:$D$17,0) -> 3 | I9: =IF(H9<=3,"Yes (top 3)","No") -> Yes (top 3) | J9: =INDEX('Normalized Signals'!$D$17:$D$20,MATCH(MAX('Normalized Signals'!$I$17:$I$20),'Normalized Signals'!$I$17:$I$20,0)) -> TPRM / GRC | K9: =INDEX('Normalized Signals'!$I$17:$I$20,MATCH(MAX('Normalized Signals'!$I$17:$I$20),'Normalized Signals'!$I$17:$I$20,0)) -> 0.9 | L9: =INDEX('Normalized Signals'!$E$17:$E$20,MATCH(MAX('Normalized Signals'!$I$17:$I$20),'Normalized Signals'!$I$17:$I$20,0))&": "&TEXT(K9,"0%")&" gap" -> Critical vendors with current assessment (under 12 months): 90% gap
A10: 5 | B10: Attack Surface & VAPT | C10: vapt_asm | D10: =ROUND(SUMIFS('Normalized Signals'!$K$5:$K$52,'Normalized Signals'!$C$5:$C$52,C10),2) -> 76 | E10: 76 | F10: =IF(ABS(D10-E10)<0.005,"OK","MISMATCH") -> OK | G10: =IF(D10>=$B$23,"critical",IF(D10>=$B$22,"high",IF(D10>=$B$21,"medium","low"))) -> critical | H10: =RANK(D10,$D$6:$D$17,0) -> 1 | I10: =IF(H10<=3,"Yes (top 3)","No") -> Yes (top 3) | J10: =INDEX('Normalized Signals'!$D$21:$D$24,MATCH(MAX('Normalized Signals'!$I$21:$I$24),'Normalized Signals'!$I$21:$I$24,0)) -> Network Vulnerability Scanner | K10: =INDEX('Normalized Signals'!$I$21:$I$24,MATCH(MAX('Normalized Signals'!$I$21:$I$24),'Normalized Signals'!$I$21:$I$24,0)) -> 0.94 | L10: =INDEX('Normalized Signals'!$E$21:$E$24,MATCH(MAX('Normalized Signals'!$I$21:$I$24),'Normalized Signals'!$I$21:$I$24,0))&": "&TEXT(K10,"0%")&" gap" -> Critical/high vulnerabilities remediated within SLA: 94% gap
A11: 6 | B11: Ransomware Readiness | C11: ransomware_readiness | D11: =ROUND(SUMIFS('Normalized Signals'!$K$5:$K$52,'Normalized Signals'!$C$5:$C$52,C11),2) -> 54 | E11: 54 | F11: =IF(ABS(D11-E11)<0.005,"OK","MISMATCH") -> OK | G11: =IF(D11>=$B$23,"critical",IF(D11>=$B$22,"high",IF(D11>=$B$21,"medium","low"))) -> medium | H11: =RANK(D11,$D$6:$D$17,0) -> 4 | I11: =IF(H11<=3,"Yes (top 3)","No") -> No | J11: =INDEX('Normalized Signals'!$D$25:$D$28,MATCH(MAX('Normalized Signals'!$I$25:$I$28),'Normalized Signals'!$I$25:$I$28,0)) -> DR / BCP / Recovery Testing | K11: =INDEX('Normalized Signals'!$I$25:$I$28,MATCH(MAX('Normalized Signals'!$I$25:$I$28),'Normalized Signals'!$I$25:$I$28,0)) -> 0.75 | L11: =INDEX('Normalized Signals'!$E$25:$E$28,MATCH(MAX('Normalized Signals'!$I$25:$I$28),'Normalized Signals'!$I$25:$I$28,0))&": "&TEXT(K11,"0%")&" gap" -> Recovery tests meeting target RTO/RPO: 75% gap
A12: 7 | B12: Cloud Security / CSPM / CNAPP | C12: cspm_cnapp | D12: =ROUND(SUMIFS('Normalized Signals'!$K$5:$K$52,'Normalized Signals'!$C$5:$C$52,C12),2) -> 21 | E12: 21 | F12: =IF(ABS(D12-E12)<0.005,"OK","MISMATCH") -> OK | G12: =IF(D12>=$B$23,"critical",IF(D12>=$B$22,"high",IF(D12>=$B$21,"medium","low"))) -> low | H12: =RANK(D12,$D$6:$D$17,0) -> 10 | I12: =IF(H12<=3,"Yes (top 3)","No") -> No | J12: =INDEX('Normalized Signals'!$D$29:$D$32,MATCH(MAX('Normalized Signals'!$I$29:$I$32),'Normalized Signals'!$I$29:$I$32,0)) -> CIEM / Cloud IAM | K12: =INDEX('Normalized Signals'!$I$29:$I$32,MATCH(MAX('Normalized Signals'!$I$29:$I$32),'Normalized Signals'!$I$29:$I$32,0)) -> 0.36 | L12: =INDEX('Normalized Signals'!$E$29:$E$32,MATCH(MAX('Normalized Signals'!$I$29:$I$32),'Normalized Signals'!$I$29:$I$32,0))&": "&TEXT(K12,"0%")&" gap" -> Cloud identities at least privilege: 36% gap
A13: 8 | B13: IAM / PAM | C13: iam_pam | D13: =ROUND(SUMIFS('Normalized Signals'!$K$5:$K$52,'Normalized Signals'!$C$5:$C$52,C13),2) -> 40 | E13: 40 | F13: =IF(ABS(D13-E13)<0.005,"OK","MISMATCH") -> OK | G13: =IF(D13>=$B$23,"critical",IF(D13>=$B$22,"high",IF(D13>=$B$21,"medium","low"))) -> medium | H13: =RANK(D13,$D$6:$D$17,0) -> 7 | I13: =IF(H13<=3,"Yes (top 3)","No") -> No | J13: =INDEX('Normalized Signals'!$D$33:$D$36,MATCH(MAX('Normalized Signals'!$I$33:$I$36),'Normalized Signals'!$I$33:$I$36,0)) -> PAM | K13: =INDEX('Normalized Signals'!$I$33:$I$36,MATCH(MAX('Normalized Signals'!$I$33:$I$36),'Normalized Signals'!$I$33:$I$36,0)) -> 0.62 | L13: =INDEX('Normalized Signals'!$E$33:$E$36,MATCH(MAX('Normalized Signals'!$I$33:$I$36),'Normalized Signals'!$I$33:$I$36,0))&": "&TEXT(K13,"0%")&" gap" -> Privileged accounts vaulted, rotated and session-recorded: 62% gap
A14: 9 | B14: vCISO / Cyber CoE | C14: vciso | D14: =ROUND(SUMIFS('Normalized Signals'!$K$5:$K$52,'Normalized Signals'!$C$5:$C$52,C14),2) -> 22 | E14: 22 | F14: =IF(ABS(D14-E14)<0.005,"OK","MISMATCH") -> OK | G14: =IF(D14>=$B$23,"critical",IF(D14>=$B$22,"high",IF(D14>=$B$21,"medium","low"))) -> low | H14: =RANK(D14,$D$6:$D$17,0) -> 9 | I14: =IF(H14<=3,"Yes (top 3)","No") -> No | J14: =INDEX('Normalized Signals'!$D$37:$D$40,MATCH(MAX('Normalized Signals'!$I$37:$I$40),'Normalized Signals'!$I$37:$I$40,0)) -> BCP / Crisis Management | K14: =INDEX('Normalized Signals'!$I$37:$I$40,MATCH(MAX('Normalized Signals'!$I$37:$I$40),'Normalized Signals'!$I$37:$I$40,0)) -> 0.4 | L14: =INDEX('Normalized Signals'!$E$37:$E$40,MATCH(MAX('Normalized Signals'!$I$37:$I$40),'Normalized Signals'!$I$37:$I$40,0))&": "&TEXT(K14,"0%")&" gap" -> Critical processes with a tested continuity plan: 40% gap
A15: 10 | B15: SOC / MDR | C15: soc_mdr | D15: =ROUND(SUMIFS('Normalized Signals'!$K$5:$K$52,'Normalized Signals'!$C$5:$C$52,C15),2) -> 72 | E15: 72 | F15: =IF(ABS(D15-E15)<0.005,"OK","MISMATCH") -> OK | G15: =IF(D15>=$B$23,"critical",IF(D15>=$B$22,"high",IF(D15>=$B$21,"medium","low"))) -> critical | H15: =RANK(D15,$D$6:$D$17,0) -> 2 | I15: =IF(H15<=3,"Yes (top 3)","No") -> Yes (top 3) | J15: =INDEX('Normalized Signals'!$D$41:$D$44,MATCH(MAX('Normalized Signals'!$I$41:$I$44),'Normalized Signals'!$I$41:$I$44,0)) -> NDR / UEBA / Threat Intelligence | K15: =INDEX('Normalized Signals'!$I$41:$I$44,MATCH(MAX('Normalized Signals'!$I$41:$I$44),'Normalized Signals'!$I$41:$I$44,0)) -> 0.85 | L15: =INDEX('Normalized Signals'!$E$41:$E$44,MATCH(MAX('Normalized Signals'!$I$41:$I$44),'Normalized Signals'!$I$41:$I$44,0))&": "&TEXT(K15,"0%")&" gap" -> Network segments and identities covered by anomaly detection with threat intel: 85% gap
A16: 11 | B16: PCI DSS / Data Security | C16: pci_dss | D16: =ROUND(SUMIFS('Normalized Signals'!$K$5:$K$52,'Normalized Signals'!$C$5:$C$52,C16),2) -> 50 | E16: 50 | F16: =IF(ABS(D16-E16)<0.005,"OK","MISMATCH") -> OK | G16: =IF(D16>=$B$23,"critical",IF(D16>=$B$22,"high",IF(D16>=$B$21,"medium","low"))) -> medium | H16: =RANK(D16,$D$6:$D$17,0) -> 5 | I16: =IF(H16<=3,"Yes (top 3)","No") -> No | J16: =INDEX('Normalized Signals'!$D$45:$D$48,MATCH(MAX('Normalized Signals'!$I$45:$I$48),'Normalized Signals'!$I$45:$I$48,0)) -> Data Discovery / Classification | K16: =INDEX('Normalized Signals'!$I$45:$I$48,MATCH(MAX('Normalized Signals'!$I$45:$I$48),'Normalized Signals'!$I$45:$I$48,0)) -> 0.7 | L16: =INDEX('Normalized Signals'!$E$45:$E$48,MATCH(MAX('Normalized Signals'!$I$45:$I$48),'Normalized Signals'!$I$45:$I$48,0))&": "&TEXT(K16,"0%")&" gap" -> Data stores scanned and classified: 70% gap
A17: 12 | B17: Continuous Compliance | C17: compliance_engine | D17: =ROUND(SUMIFS('Normalized Signals'!$K$5:$K$52,'Normalized Signals'!$C$5:$C$52,C17),2) -> 21 | E17: 21 | F17: =IF(ABS(D17-E17)<0.005,"OK","MISMATCH") -> OK | G17: =IF(D17>=$B$23,"critical",IF(D17>=$B$22,"high",IF(D17>=$B$21,"medium","low"))) -> low | H17: =RANK(D17,$D$6:$D$17,0) -> 10 | I17: =IF(H17<=3,"Yes (top 3)","No") -> No | J17: =INDEX('Normalized Signals'!$D$49:$D$52,MATCH(MAX('Normalized Signals'!$I$49:$I$52),'Normalized Signals'!$I$49:$I$52,0)) -> Vulnerability / Patch Management | K17: =INDEX('Normalized Signals'!$I$49:$I$52,MATCH(MAX('Normalized Signals'!$I$49:$I$52),'Normalized Signals'!$I$49:$I$52,0)) -> 0.34 | L17: =INDEX('Normalized Signals'!$E$49:$E$52,MATCH(MAX('Normalized Signals'!$I$49:$I$52),'Normalized Signals'!$I$49:$I$52,0))&": "&TEXT(K17,"0%")&" gap" -> Assets patched within SLA: 34% gap
B18: Enterprise composite (average of 12 domains) | D18: =ROUND(AVERAGE(D6:D17),2) -> 42.83 | E18: 42.83 | F18: =IF(ABS(D18-E18)<0.005,"OK","MISMATCH") -> OK | G18: =IF(D18>=$B$23,"critical",IF(D18>=$B$22,"high",IF(D18>=$B$21,"medium","low"))) -> medium
B19: Stored composite is the value in enterprise_risk_score_snapshots (average of the 12 domain scores).
A20: Severity thresholds (inferred from sample data min/max per severity)
A21: medium from | B21: 35 | C21: Below the medium threshold = low.
A22: high from | B22: 55
A23: critical from | B23: 70
B25: Top 3 domains are the escalation candidates: they are turned into findings, then business impact and executive decisions (risk_findings, business_impact_assessments, executive_decisions).
